{
  "apple": {
    "N": [
      0.0,
      40.0
    ],
    "P": [
      120.0,
      145.0
    ],
    "K": [
      195.0,
      205.0
    ],
    "temperature": [
      21.0365275,
      23.99686172
    ],
    "humidity": [
      90.02575116,
      94.92048112
    ],
    "ph": [
      5.514253142,
      6.4992268210000015
    ],
    "rainfall": [
      100.1173443,
      124.9831618
    ]
  },
  "banana": {
    "N": [
      80.0,
      120.0
    ],
    "P": [
      70.0,
      95.0
    ],
    "K": [
      45.0,
      55.0
    ],
    "temperature": [
      25.01018457,
      29.90888522
    ],
    "humidity": [
      75.03193255,
      84.97849241
    ],
    "ph": [
      5.505393832999999,
      6.490074429
    ],
    "rainfall": [
      90.10978128,
      119.84797
    ]
  },
  "blackgram": {
    "N": [
      20.0,
      60.0
    ],
    "P": [
      55.0,
      80.0
    ],
    "K": [
      15.0,
      25.0
    ],
    "temperature": [
      25.09737391,
      34.9466155
    ],
    "humidity": [
      60.06534859,
      69.96100028
    ],
    "ph": [
      6.500144962,
      7.775306272000001
    ],
    "rainfall": [
      60.41790253,
      74.91559514
    ]
  },
  "chickpea": {
    "N": [
      20.0,
      60.0
    ],
    "P": [
      55.0,
      80.0
    ],
    "K": [
      75.0,
      85.0
    ],
    "temperature": [
      17.02498456,
      20.99502153
    ],
    "humidity": [
      14.25803981,
      19.96978871
    ],
    "ph": [
      5.988992796000002,
      8.868741443
    ],
    "rainfall": [
      65.11365631,
      94.78189594
    ]
  },
  "coconut": {
    "N": [
      0.0,
      40.0
    ],
    "P": [
      5.0,
      30.0
    ],
    "K": [
      25.0,
      35.0
    ],
    "temperature": [
      25.00872392,
      29.8690834
    ],
    "humidity": [
      90.01734526,
      99.98187601
    ],
    "ph": [
      5.50158009,
      6.470465614
    ],
    "rainfall": [
      131.09000759999998,
      225.6323656
    ]
  },
  "coffee": {
    "N": [
      80.0,
      120.0
    ],
    "P": [
      15.0,
      40.0
    ],
    "K": [
      25.0,
      35.0
    ],
    "temperature": [
      23.05951896,
      27.92374437
    ],
    "humidity": [
      50.04557009,
      69.94807345
    ],
    "ph": [
      6.020947179,
      7.493191968
    ],
    "rainfall": [
      115.1564012,
      199.4735636
    ]
  },
  "cotton": {
    "N": [
      100.0,
      140.0
    ],
    "P": [
      35.0,
      60.0
    ],
    "K": [
      15.0,
      25.0
    ],
    "temperature": [
      22.00085141,
      25.99237426
    ],
    "humidity": [
      75.00539324,
      84.87668973
    ],
    "ph": [
      5.801047545,
      7.994679507000001
    ],
    "rainfall": [
      60.65381719,
      99.93100821
    ]
  },
  "grapes": {
    "N": [
      0.0,
      40.0
    ],
    "P": [
      120.0,
      145.0
    ],
    "K": [
      195.0,
      205.0
    ],
    "temperature": [
      8.825674745,
      41.94865736
    ],
    "humidity": [
      80.01639435,
      83.98351748
    ],
    "ph": [
      5.510924848999999,
      6.499604931
    ],
    "rainfall": [
      65.01095312,
      74.91506217
    ]
  },
  "jute": {
    "N": [
      60.0,
      100.0
    ],
    "P": [
      35.0,
      60.0
    ],
    "K": [
      35.0,
      45.0
    ],
    "temperature": [
      23.09433785,
      26.98582182
    ],
    "humidity": [
      70.88259632,
      89.89106506
    ],
    "ph": [
      6.002524871,
      7.4880144039999985
    ],
    "rainfall": [
      150.2355238,
      199.83629130000003
    ]
  },
  "kidneybeans": {
    "N": [
      0.0,
      40.0
    ],
    "P": [
      55.0,
      80.0
    ],
    "K": [
      15.0,
      25.0
    ],
    "temperature": [
      15.33042636,
      24.92360104
    ],
    "humidity": [
      18.09224048,
      24.96969858
    ],
    "ph": [
      5.502999119,
      5.99812453
    ],
    "rainfall": [
      60.27552528,
      149.7441028
    ]
  },
  "lentil": {
    "N": [
      0.0,
      40.0
    ],
    "P": [
      55.0,
      80.0
    ],
    "K": [
      15.0,
      25.0
    ],
    "temperature": [
      18.06486101,
      29.94413861
    ],
    "humidity": [
      60.09116626,
      69.92375891
    ],
    "ph": [
      5.91645379,
      7.841496029
    ],
    "rainfall": [
      35.03484812,
      54.93937710000001
    ]
  },
  "maize": {
    "N": [
      60.0,
      100.0
    ],
    "P": [
      35.0,
      60.0
    ],
    "K": [
      15.0,
      25.0
    ],
    "temperature": [
      18.04185513,
      26.54986394
    ],
    "humidity": [
      55.28220433,
      74.82913698
    ],
    "ph": [
      5.513697923,
      6.995843776
    ],
    "rainfall": [
      60.65171481,
      109.7515385
    ]
  },
  "mango": {
    "N": [
      0.0,
      40.0
    ],
    "P": [
      15.0,
      40.0
    ],
    "K": [
      25.0,
      35.0
    ],
    "temperature": [
      27.00315545,
      35.99009679
    ],
    "humidity": [
      45.02236377,
      54.9640534
    ],
    "ph": [
      4.507523551,
      6.9674177660000005
    ],
    "rainfall": [
      89.29147581,
      100.8124659
    ]
  },
  "mothbeans": {
    "N": [
      0.0,
      40.0
    ],
    "P": [
      35.0,
      60.0
    ],
    "K": [
      15.0,
      25.0
    ],
    "temperature": [
      24.01825377,
      31.99928579
    ],
    "humidity": [
      40.00933429,
      64.95585424
    ],
    "ph": [
      3.504752314,
      9.93509073
    ],
    "rainfall": [
      30.92014047,
      74.44330654
    ]
  },
  "mungbean": {
    "N": [
      0.0,
      40.0
    ],
    "P": [
      35.0,
      60.0
    ],
    "K": [
      15.0,
      25.0
    ],
    "temperature": [
      27.01470397,
      29.914544300000006
    ],
    "humidity": [
      80.03499648,
      89.99615558
    ],
    "ph": [
      6.218923893,
      7.199495367999999
    ],
    "rainfall": [
      36.12042927,
      59.87232071
    ]
  },
  "muskmelon": {
    "N": [
      80.0,
      120.0
    ],
    "P": [
      5.0,
      30.0
    ],
    "K": [
      45.0,
      55.0
    ],
    "temperature": [
      27.02415146,
      29.94349168
    ],
    "humidity": [
      90.01506395,
      94.96218673
    ],
    "ph": [
      6.002927293,
      6.781050372999999
    ],
    "rainfall": [
      20.21126747,
      29.86681385
    ]
  },
  "orange": {
    "N": [
      0.0,
      40.0
    ],
    "P": [
      5.0,
      30.0
    ],
    "K": [
      5.0,
      15.0
    ],
    "temperature": [
      10.01081312,
      34.90665289
    ],
    "humidity": [
      90.00621688,
      94.96419851
    ],
    "ph": [
      6.010391864,
      7.995848977
    ],
    "rainfall": [
      100.1737964,
      119.6946577
    ]
  },
  "papaya": {
    "N": [
      31.0,
      70.0
    ],
    "P": [
      46.0,
      70.0
    ],
    "K": [
      45.0,
      55.0
    ],
    "temperature": [
      23.012401800000006,
      43.67549305
    ],
    "humidity": [
      90.03863107,
      94.94482086
    ],
    "ph": [
      6.501521192,
      6.993473247000001
    ],
    "rainfall": [
      40.35153141,
      248.8592986
    ]
  },
  "pigeonpeas": {
    "N": [
      0.0,
      40.0
    ],
    "P": [
      55.0,
      80.0
    ],
    "K": [
      15.0,
      25.0
    ],
    "temperature": [
      18.31910448,
      36.97794384
    ],
    "humidity": [
      30.40046769,
      69.69141302
    ],
    "ph": [
      4.548202098,
      7.445444882999999
    ],
    "rainfall": [
      90.05422663,
      198.8298806
    ]
  },
  "pomegranate": {
    "N": [
      0.0,
      40.0
    ],
    "P": [
      5.0,
      30.0
    ],
    "K": [
      35.0,
      45.0
    ],
    "temperature": [
      18.07132963,
      24.96273236
    ],
    "humidity": [
      85.12912161,
      94.99897537
    ],
    "ph": [
      5.561851831,
      7.199504273
    ],
    "rainfall": [
      102.5184759,
      112.4750941
    ]
  },
  "rice": {
    "N": [
      60.0,
      99.0
    ],
    "P": [
      35.0,
      60.0
    ],
    "K": [
      35.0,
      45.0
    ],